Number,Timestamp,Date,Hardsets,Load,Hardload,Notes
0,1612379939.0,2021-02-03 19:31:59,1123.8219620439954,486197.6575790303,361533.6488233019,0.0
937,1524742534.0,2018-04-26 13:00:34,34.43380550024375,3517.1563816721123,2845.146109359028,0.0
938,1524824268.0,2018-04-27 12:00:48,12.602649613351584,5550.882780882352,3498.348939386148,0.0
939,1524922871.0,2018-04-28 15:00:11,42.27949678319478,9556.787818425924,10025.98583044098,0.0
940,1524979044.0,2018-04-29 07:00:24,12.59942844022981,6120.763361078432,4325.100203105201,0.0
941,1525066388.0,2018-04-30 07:00:08,33.60926374588834,5112.213779722221,4273.695887782622,0.0
942,1525151760.0,2018-05-01 07:00:00,17.84918964804362,4948.165041666667,5195.3374257957785,0.0
943,1525239891.0,2018-05-02 07:00:51,41.22990624145358,3956.3702614583335,3408.0276321796623,0.0
944,1525325415.0,2018-05-03 07:00:15,26.25002780174325,6336.219211805556,4242.627157147981,0.0
945,1525412796.0,2018-05-04 07:00:36,49.33561456180211,9971.87804115972,10466.582620286848,0.0
946,1525498505.0,2018-05-05 07:00:05,15.72360194836099,6447.335786979167,2034.639357852517,0.0
947,1525671124.0,2018-05-07 07:00:04,31.78053913235275,4615.533589254629,4026.309789677363,0.0
948,1525771927.0,2018-05-08 11:00:07,33.38361540790812,8520.816196585649,8903.911986621806,0.0
949,1525844002.0,2018-05-09 07:00:22,24.755573220308044,3663.873938425927,3016.439487725016,0.0
950,1525932024.0,2018-05-10 07:30:24,16.11496712614934,6143.754927083333,4413.344489825322,0.0
951,1526016930.0,2018-05-11 06:55:30,27.399455192902305,7042.858153320312,7285.852159786503,0.0
952,1526121059.0,2018-05-12 12:00:59,9.4484457602615,7889.612794492187,2661.262859894924,0.0
953,1526274255.0,2018-05-14 06:26:15,36.02160686256256,6502.860397916668,5056.90622095485,0.0
954,1526360992.0,2018-05-15 06:52:52,18.897526751415683,9689.139731336783,10172.948379172096,0.0
955,1526447835.0,2018-05-16 06:25:15,34.65763355280914,4194.0385569661485,3232.6857512888446,0.0
956,1526533898.0,2018-05-17 06:48:38,12.990180046622433,6419.32806015625,4055.714517744564,0.0
957,1526620455.0,2018-05-18 06:15:15,34.25120665703585,10634.388835565476,9784.693987275878,0.0
958,1526716407.0,2018-05-19 09:12:27,6.313280121704906,7601.055204866072,2006.8121442511488,0.0
959,1526887986.0,2018-05-21 08:55:06,36.67695905967999,5583.478059815477,4566.39260528195,0.0
960,1526967076.0,2018-05-22 07:00:16,29.188395476331365,11097.49117975596,11612.646371611074,0.0
961,1527052308.0,2018-05-23 06:24:48,30.06971376447512,3852.867995238096,2884.275970188419,0.0
962,1527139408.0,2018-05-24 07:06:28,12.605198094093458,7379.304513333335,4770.678007690854,0.0
963,1527223797.0,2018-05-25 06:20:57,29.894282362041288,9037.517825917665,8767.421861305,0.0
964,1527320786.0,2018-05-26 09:13:26,10.41974670842933,8141.05230431746,2314.81779837659,0.0
965,1527483831.0,2018-05-28 06:25:51,32.19538437831991,5289.586842042163,4076.1426412617298,0.0
966,1527659348.0,2018-05-30 06:55:08,28.82810173790725,4664.845929791006,2949.3484129599906,0.0
967,1527782807.0,2018-05-31 17:48:47,15.848227212511674,7613.104388888887,4989.789923337983,0.0
968,1527837663.0,2018-06-01 08:44:03,36.871292936464165,8518.785779236116,8179.933822980345,0.0
969,1527940078.0,2018-06-02 13:35:58,6.312994739632316,6925.77770599537,2175.715071367019,0.0
970,1528112417.0,2018-06-04 12:54:17,33.73481131229383,6698.747748885999,5155.648526554078,0.0
971,1528211323.0,2018-06-05 16:44:43,14.975285256819497,5864.639341724536,848.7870995268646,0.0
972,1528261782.0,2018-06-06 06:27:42,35.25669602162978,9923.563404427085,9410.056315923848,0.0
973,1528378638.0,2018-06-07 15:13:18,17.583867574120067,6967.275039930557,4161.042623940685,0.0
974,1528452938.0,2018-06-08 11:49:38,18.662173076154048,3168.387953645834,2476.9040759811123,0.0
975,1528455672.0,2018-06-08 12:48:12,14.62493420345114,2146.5297456597223,2243.8388376777257,0.0
976,1528738848.0,2018-06-11 18:53:48,27.306942408696177,11242.817565972226,6704.520613441599,0.0
977,1528813900.0,2018-06-12 16:17:40,15.74928496120821,5467.348046875,5740.454823538475,0.0
978,1528979041.0,2018-06-14 13:51:01,29.08068733696688,7904.018572309028,6958.180418290402,0.0
979,1528994058.0,2018-06-14 18:15:18,8.898584833878717,5638.335985416667,748.5354444530752,0.0
980,1529340805.0,2018-06-18 18:23:25,28.016532311552048,12009.429904947918,11022.777439502674,0.0
981,1529414275.0,2018-06-19 14:49:55,20.98900388550933,7071.021088378905,4178.012837962409,0.0
982,1529471242.0,2018-06-20 06:39:22,22.33948263415929,4077.30303990625,2840.347994670288,0.0
983,1529505109.0,2018-06-20 16:14:49,16.718512545927766,5868.126121122686,5231.482405854139,0.0
984,1530012766.0,2018-06-26 12:57:46,25.01881050526929,11039.379516970484,8278.752078568785,0.0
985,1530096691.0,2018-06-27 12:29:31,13.86326819469505,5105.368862608508,1762.779872508635,0.0
986,1530280753.0,2018-06-29 15:19:13,24.45688714601696,12106.566780504916,8949.083729104195,0.0
987,1530361782.0,2018-06-30 13:49:42,25.22857336119254,7888.637269053818,3960.794179152126,0.0
988,1530621434.0,2018-07-03 14:24:14,12.136244554003133,3274.3630422207766,2667.9526096915743,0.0
989,1530711961.0,2018-07-04 15:17:01,18.28200877894323,5546.0,1792.208353478516,0.0
990,1530792706.0,2018-07-05 13:59:46,11.676144023731274,3810.0084116174767,3259.699966605236,0.0
991,1531141143.0,2018-07-09 14:36:03,14.905357479320536,13131.215937078989,9219.280054016424,0.0
992,1531201396.0,2018-07-10 07:18:16,11.076102296520473,4928.1,1444.140282237921,0.0
993,1531564277.0,2018-07-14 11:54:17,33.674254516850446,13066.680000000004,12047.333306905752,0.0
994,1531746299.0,2018-07-16 14:43:59,19.93919553445336,7748.772000000001,7117.533135954892,0.0
995,1531805035.0,2018-07-17 06:51:55,19.6829430402107,9042.72,3851.824570888812,0.0
996,1531979086.0,2018-07-19 07:22:46,21.260539854029343,9009.808,8472.162333318016,0.0
997,1532064746.0,2018-07-20 07:09:26,14.32410555900938,6093.7,2792.133319019191,0.0
998,1532353740.0,2018-07-23 15:30:00,10.187216880822994,3286.204,1284.239476936679,0.0
999,1532517944.0,2018-07-25 13:04:44,12.12303187897728,6155.8,1991.69007116775,0.0
1000,1532612771.0,2018-07-26 15:29:11,15.38816474947009,8370.274,7158.736571429221,0.0
1001,1532708087.0,2018-07-27 17:53:47,7.069331747782876,6349.000000000001,2005.0389655796143,0.0
1002,1532773977.0,2018-07-28 12:15:57,17.142714119522136,9957.68,9470.553930426251,0.0
1003,1532956944.0,2018-07-30 14:42:24,26.439867702977534,12543.192859649123,9257.53734133962,0.0
1004,1534854369.0,2018-08-21 14:00:09,25.13980982212148,21940.60975328948,22761.80337189085,0.0
1005,1535954524.0,2018-09-03 07:48:04,12.242793756609828,6598.614592397662,5300.168808894508,0.0
1006,1536041188.0,2018-09-04 07:48:28,7.978596016756118,6396.603940497077,1932.0435898076853,0.0
1007,1536216763.0,2018-09-06 08:31:43,5.7531158386246055,6172.645915815658,1548.9494972997504,0.0
1008,1536303291.0,2018-09-07 08:40:51,12.527934521108772,7776.529510349566,6191.374412330628,0.0
1009,1536562953.0,2018-09-10 08:35:33,24.51762194622913,8547.396723142183,7524.54816857143,0.0
1010,1536650916.0,2018-09-11 09:01:36,12.79409138857766,6848.469436842104,2673.4784293472485,0.0
1011,1536741628.0,2018-09-12 10:17:28,15.502902221735445,3195.586043885833,2266.6907831336466,0.0
1012,1536918144.0,2018-09-14 11:13:24,39.29923348597158,15055.10938739199,10500.13460967646,0.0
1013,1537014392.0,2018-09-15 14:03:32,11.741234914498836,3265.5420224142445,1844.995898095673,0.0
1014,1537177834.0,2018-09-17 11:20:34,40.45711976669632,15231.02754647814,11712.102386577411,0.0
1015,1537252516.0,2018-09-18 08:05:16,12.68474930460691,5468.013853967006,2658.1778621984768,0.0
1016,1537265920.0,2018-09-18 11:55:40,15.319956742216805,2774.619462948416,1991.845929233784,0.0
1017,1537344023.0,2018-09-19 09:30:23,28.14911264495532,10284.869969402986,8858.918119672539,0.0
1018,1537944885.0,2018-09-26 08:28:45,29.35999185778987,14875.342284029848,9338.18073087465,0.0
1019,1538116578.0,2018-09-28 08:13:18,38.87867758520333,12238.82749367635,10021.058718461574,0.0
1020,1538200160.0,2018-09-29 07:23:20,9.921437430952306,3934.885104346688,2359.3127249364466,0.0
1021,1538372812.0,2018-10-01 07:20:52,17.744214616727767,7508.556960377061,5578.5627320386775,0.0
1022,1538458965.0,2018-10-02 07:16:45,8.563400493531603,6369.915160624511,2308.8683713190103,0.0
1023,1538545873.0,2018-10-03 07:34:13,16.55529558946735,2445.4,2240.387257878116,0.0
1024,1538716722.0,2018-10-05 07:07:42,13.028840031236312,7457.249616797591,5013.818900955488,0.0
1025,1538759233.0,2018-10-05 18:20:13,15.55813976506666,11688.783601734747,5666.651641756631,0.0
1026,1538817442.0,2018-10-06 11:00:22,15.601370651078494,2424.9,2186.9808319197728,0.0
1027,1539061159.0,2018-10-09 06:48:19,12.47844289451836,9019.895704823257,4431.272746931003,0.0
1028,1539148469.0,2018-10-10 07:02:29,4.308671589344028,3167.883337680021,1825.067623878888,0.0
1029,1539234149.0,2018-10-11 06:51:29,8.559658393102012,2041.6000000000004,1433.8602006197968,0.0
1030,1539346976.0,2018-10-12 13:35:56,14.494314996309846,11260.846463472111,5189.443935592924,0.0
1031,1539583421.0,2018-10-15 07:40:41,19.486493375559466,5075.5603696720345,3481.159286669921,0.0
1032,1539668699.0,2018-10-16 07:18:59,8.549121469892162,5952.195468597802,2239.441103392547,0.0
1033,1539759772.0,2018-10-17 08:15:52,14.51548789322185,11264.194553574236,5195.310111662024,0.0
1034,1539932990.0,2018-10-19 08:43:50,29.4405521903216,10291.43445819848,7047.206759879774,0.0
1035,1540796416.0,2018-10-29 07:37:16,20.620314280821507,4606.083764714051,3121.1491173308664,0.0
1036,1540882351.0,2018-10-30 07:26:31,11.81851367445062,5429.226105140931,1898.8032709504748,0.0
1037,1541055374.0,2018-11-01 07:33:14,15.10276788359142,6470.792548980795,4696.132760263232,0.0
1038,1541143296.0,2018-11-02 07:55:36,13.410100619551583,3516.7593148039214,2004.378930003926,0.0
1039,1541405360.0,2018-11-05 08:46:20,21.180543563129827,5035.417474101306,3749.523349748504,0.0
1040,1541492229.0,2018-11-06 08:51:09,13.219744011044078,5434.970920600489,1985.442404642464,0.0
1041,1541666176.0,2018-11-08 09:13:16,15.66513161894868,6268.158011977125,4607.722905693563,0.0
1042,1541753570.0,2018-11-09 09:26:50,13.571322424046617,4019.249432904412,1947.3704483131664,0.0
1043,1542718490.0,2018-11-20 13:34:50,17.800005639842677,4599.850755004086,3144.0793335584417,0.0
1044,1542786938.0,2018-11-21 08:32:38,8.19466963163114,4970.470320265521,1340.8504038675849,0.0
1045,1542963158.0,2018-11-23 09:32:38,12.149231620452332,5843.864948615197,4101.849390466663,0.0
1046,1543063476.0,2018-11-24 13:21:36,11.142847917819331,4178.479999999999,2197.296295963486,0.0
1047,1543560369.0,2018-11-30 07:20:09,38.23335998589586,16024.922325169531,7079.381761735163,0.0
1048,1543904147.0,2018-12-04 06:58:47,5.937097876510638,4360.802132500001,1487.4180752625916,0.0
1049,1544163367.0,2018-12-07 06:59:07,8.138209825073066,5224.280255841503,2604.940362259844,0.0
1050,1544284651.0,2018-12-08 16:24:31,24.31965352954557,5866.289540134795,5345.570650011072,0.0
1051,1544423149.0,2018-12-10 07:08:49,4.980359763688671,6943.531018892974,2099.385069804709,0.0
1052,1544715577.0,2018-12-13 16:22:37,7.225846979570578,6041.007312775736,3235.103698349344,0.0
1053,1545049913.0,2018-12-17 13:14:53,5.28157402529696,7198.546363995096,1866.074007241869,0.0
1054,1545242134.0,2018-12-19 18:38:34,7.56665287553923,4927.664051531864,2228.951006709713,0.0
1055,1545584227.0,2018-12-23 17:40:07,6.409388328608075,7270.5448796323535,2109.769570455315,0.0
1056,1545753338.0,2018-12-25 16:30:38,24.401874882325355,7162.334510702614,5837.39285469384,0.0
1057,1545830211.0,2018-12-26 13:45:51,4.747549681158338,6342.410879289218,949.7186694315076,0.0
1058,1546103655.0,2018-12-29 17:57:15,5.5297123926682215,7832.495804534315,2494.9081715002385,0.0
1059,1546698799.0,2019-01-05 15:08:19,24.69996128256471,8068.584713194446,6866.6834239748,0.0
1060,1546791066.0,2019-01-06 16:40:06,9.585640626480217,7292.02234074074,1665.457097175275,0.0
1061,1546967425.0,2019-01-08 17:37:25,20.496334259668725,8994.767949266974,5701.0959462963765,0.0
1062,1547189311.0,2019-01-11 07:34:31,10.143377690740389,4476.79666425926,2906.3712119179413,0.0
1063,1547373220.0,2019-01-13 10:28:40,23.335089352784195,8278.830315432098,7034.852030996439,0.0
1064,1547536541.0,2019-01-15 07:44:41,2.6505004772332392,4619.445429131056,436.7043875346232,0.0
1065,1547794249.0,2019-01-18 07:25:49,24.5143926452833,7567.203893011042,6289.273748973462,0.0
1066,1547887619.0,2019-01-19 09:33:59,10.73597901093838,2889.7186411574075,2331.663738107802,0.0
1067,1548052996.0,2019-01-21 07:20:16,6.757848191928478,7401.043388888889,3530.3896474964813,0.0
1068,1548225863.0,2019-01-23 07:28:23,5.92975684894774,5378.416713685899,2558.2026929782246,0.0
1069,1548432181.0,2019-01-25 16:38:01,5.787820443021862,7684.378366613249,2602.6672042209925,0.0
1070,1548581775.0,2019-01-27 10:11:15,12.1464779860121,6264.695672894938,3296.223039058363,0.0
1071,1548743643.0,2019-01-29 07:26:03,6.46963764918185,3117.90629474518,2236.26641026164,0.0
1072,1548916985.0,2019-01-31 07:26:05,9.650577576308832,4469.437664608594,2555.151265165752,0.0
1073,1549469325.0,2019-02-06 16:53:45,13.69380102156796,7810.034350949336,6910.298375687797,0.0
1074,1549527374.0,2019-02-07 09:01:14,2.4859121833686326,4950.40486791266,460.9639116377944,0.0
1075,1549610417.0,2019-02-08 08:05:17,11.956735981363035,7424.346427789469,5445.882029767661,0.0
1076,1549699749.0,2019-02-09 08:54:09,2.344528192800816,2884.8,419.1243780638585,0.0
1077,1549867355.0,2019-02-11 07:27:35,12.491098692819245,8230.122455368777,6957.215329991768,0.0
1078,1549954814.0,2019-02-12 07:45:14,1.9736278891324344,2955.0,327.5350519442585,0.0
1079,1550044574.0,2019-02-13 08:48:14,5.336144514231722,4745.67809701944,3669.107989611652,0.0
1080,1550129277.0,2019-02-14 08:12:57,7.118854652147238,5253.986597151468,1524.0327792038377,0.0
1081,1550213879.0,2019-02-15 07:42:59,12.52678140538113,7680.563001775716,6177.302118519466,0.0
1082,1550316220.0,2019-02-16 12:02:40,7.310735340699252,4292.732651666434,1500.6843163120943,0.0
1083,1550652892.0,2019-02-20 09:37:52,4.695100634686475,3383.52859108799,972.505090831049,0.0
1084,1550914325.0,2019-02-23 10:15:05,4.404671101055275,5178.64392808948,1162.2210124000137,0.0
1085,1551111917.0,2019-02-25 17:14:17,6.655889751755431,4262.057558547419,2457.44980662573,0.0
1086,1551262049.0,2019-02-27 10:52:29,9.397870276119914,4933.333701564768,2538.120791398119,0.0
1087,1551881917.0,2019-03-06 14:52:37,12.876773467790873,7727.632750229415,3719.443992957757,0.0
1088,1552128574.0,2019-03-09 11:19:34,12.19634346741988,9495.525492598244,3919.06521005338,0.0
1089,1552291197.0,2019-03-11 08:45:57,7.3465620594153265,6212.763859818296,2177.6288708014595,0.0
1090,1552578678.0,2019-03-14 16:40:18,6.043807367516396,7076.286433150012,4519.330436328384,0.0
1091,1552729518.0,2019-03-16 10:31:18,10.22688369528192,4269.678369657245,3547.3065503969747,0.0
1092,1552921104.0,2019-03-18 15:18:24,25.392267359341567,9963.39269084332,6339.19396001268,0.0
1093,1553059925.0,2019-03-20 06:15:05,16.08588389001681,7909.916802018369,6532.761135232301,0.0
1094,1553233481.0,2019-03-22 06:17:41,46.50807208596764,16659.65073042506,12550.98179212055,0.0
1095,1553491967.0,2019-03-25 06:14:47,16.2133298003539,8627.401177185538,7260.40898787603,0.0
1096,1553579535.0,2019-03-26 06:17:15,17.31760730831078,7696.4470295327965,3273.728114325407,0.0
1097,1553762659.0,2019-03-28 09:01:19,27.574443424490795,16057.936283256706,10958.975014688564,0.0
1098,1554134699.0,2019-04-01 17:38:59,11.828333051790898,4824.100495382574,2782.394307250088,0.0
1099,1554185582.0,2019-04-02 07:47:02,15.612376109535388,4559.140078637492,1216.59694925923,0.0
1100,1554358851.0,2019-04-04 07:54:51,16.38007282576608,4409.355408176981,2334.6652107222453,0.0
1101,1554446093.0,2019-04-05 07:50:53,26.12684765296689,5670.350420413123,3178.316134654313,0.0
1102,1554704129.0,2019-04-08 07:49:29,16.15489726792401,5005.6337816799405,3272.9521368830024,0.0
1103,1554790127.0,2019-04-09 07:42:47,13.899072876650814,4996.132961199741,887.3424389795643,0.0
1104,1554963338.0,2019-04-11 07:49:38,16.875561069451713,4465.307620471943,2212.245108566829,0.0
1105,1555050903.0,2019-04-12 07:51:03,25.88932814131845,5749.737991535976,3280.609830813682,0.0
1106,1555308342.0,2019-04-15 07:39:42,17.457567946818724,4634.300630040793,3286.3761745891534,0.0
1107,1555403038.0,2019-04-16 09:57:58,14.980140022758553,5647.610993134091,1146.329581997175,0.0
1108,1555575487.0,2019-04-18 09:52:07,17.118263267898936,4664.062859161871,2450.97094584514,0.0
1109,1555678642.0,2019-04-19 14:13:22,27.961367632553777,5851.126428582449,3606.503369285288,0.0
1110,1556039036.0,2019-04-23 18:37:56,24.626686080649208,10370.865284987189,9098.733576037528,0.0
1111,1556259585.0,2019-04-26 07:56:45,13.388276732170498,4083.8333367590185,1026.1860621846454,0.0
1112,1556551258.0,2019-04-29 16:27:58,11.391552831726427,27401.421594162806,11349.97407417126,0.0
1113,1556802895.0,2019-05-02 14:43:55,21.55348366635247,4352.572876713971,2955.3334551501284,0.0
1114,1556891710.0,2019-05-03 15:31:10,8.155166932308937,3673.911362358783,1675.2776781750383,0.0
1115,1557131067.0,2019-05-06 10:07:27,13.20301451269214,6502.289882756223,3857.715542962193,0.0
1116,1557218494.0,2019-05-07 10:18:34,11.303158896864986,6136.064850501725,1141.593949820227,0.0
1117,1557384782.0,2019-05-09 08:39:02,9.39178175218568,5375.2465620696,3379.757666820527,0.0
1118,1557472178.0,2019-05-10 08:37:38,8.286586077554148,4392.912821711189,1074.4992794039042,0.0
1119,1557739465.0,2019-05-13 11:10:25,12.017064675503049,6846.790979589045,5095.1102391191525,0.0
1120,1557821738.0,2019-05-14 09:52:38,10.14620045143107,4038.511291938983,895.5504598103279,0.0
1121,1557996539.0,2019-05-16 10:34:59,6.05170502346567,3662.364914625508,2235.174722292315,0.0
1122,1558079405.0,2019-05-17 09:27:05,8.553391104821182,3035.324332404304,1155.790006207388,0.0
1123,1558367380.0,2019-05-20 17:35:40,10.196724360955884,5341.914612796545,3471.4021191178444,0.0
1124,1558418014.0,2019-05-21 07:36:34,9.001952663974453,2990.1233699133068,446.7396992126712,0.0
1125,1558590849.0,2019-05-23 07:31:09,10.43123087516142,2662.31415521752,911.0984273369444,0.0
1126,1558687156.0,2019-05-24 10:28:16,3.249036459020096,2352.6443371939235,1196.7196151782582,0.0
1127,1558796760.0,2019-05-25 16:49:00,12.846370788002869,3183.471154900701,2960.929103130496,0.0
1128,1558943070.0,2019-05-27 09:12:30,9.423459704204726,4252.316052141997,1154.3238133047855,0.0
1129,1559031985.0,2019-05-28 10:12:25,5.6045726940375165,3375.015310227737,1817.427518247894,0.0
1130,1559206544.0,2019-05-30 10:41:44,9.540226295054293,6805.894100133804,4124.784680469232,0.0
1131,1559290439.0,2019-05-31 09:53:59,8.144321263306528,3592.13479360426,526.611546233482,0.0
1132,1559388309.0,2019-06-01 13:12:09,14.475076667548926,3835.558402893028,3997.511787673844,0.0
1133,1559556402.0,2019-06-03 11:35:42,6.034719590441335,4173.5591627892645,896.9545855690991,0.0
1134,1559635093.0,2019-06-04 09:34:13,14.2209342927485,5243.087230264189,3279.9594649397336,0.0
1135,1559812574.0,2019-06-06 10:53:14,14.252502442667389,8457.154509970696,3871.486671539622,0.0
1136,1559895638.0,2019-06-07 09:53:38,7.216193660923968,6138.972258608138,1305.7492216193816,0.0
1137,1560162343.0,2019-06-10 11:49:43,4.754227799677118,6123.082612131114,634.8041329385541,0.0
1138,1560335181.0,2019-06-12 12:03:21,14.106317503751727,7751.460809193895,5841.563601052712,0.0
1139,1560592901.0,2019-06-15 11:45:41,7.530951603087906,7440.590547359136,3111.61125560751,0.0
1140,1560756491.0,2019-06-17 09:23:11,2.732988171661757,1846.19981256507,1503.1715866384086,0.0
1141,1560834475.0,2019-06-18 07:02:55,3.585154079852307,2026.056250731765,1466.76922378505,0.0
1142,1561145274.0,2019-06-21 21:13:54,4.63653422508763,4062.7411857221578,959.222445849806,0.0
1143,1561636404.0,2019-06-27 13:32:24,8.087333498483721,7526.93238712074,3313.2718229645843,0.0
1144,1561905432.0,2019-06-30 16:25:12,9.583038167490338,6763.79968394309,5570.034879660735,0.0
1145,1562261229.0,2019-07-04 19:17:09,6.352061317627277,5000.395829098916,2853.8765930452964,0.0
1146,1562693140.0,2019-07-09 19:10:40,7.156611769134691,4479.162089408312,2033.4173724353657,0.0
1147,1562863629.0,2019-07-11 18:20:09,13.850008584763442,5751.851766666669,2853.942086600209,0.0
1148,1563211070.0,2019-07-15 18:57:50,8.47339279621808,5606.207303029022,1349.8690124876791,0.0
1149,1563471744.0,2019-07-18 19:13:24,15.057141760342803,7824.106776575208,5388.065230766759,0.0
1150,1563775425.0,2019-07-22 07:51:45,8.158922268127856,7524.418853319784,5331.556870968099,0.0
1151,1563947963.0,2019-07-24 07:45:23,9.418225606769305,7062.083012110434,4961.5573402843565,0.0
1152,1564379181.0,2019-07-29 07:34:21,18.9486887485343,15255.779890864957,11871.221282582464,0.0
1153,1564553815.0,2019-07-31 08:05:55,5.791874241452684,6840.835927619695,4865.98195948986,0.0
1154,1564734272.0,2019-08-02 10:01:32,20.85101892038088,19808.570958242995,16296.987274791823,0.0
1155,1565082704.0,2019-08-06 10:54:44,15.122724775971882,5429.511453534327,4806.171949151447,0.0
1156,1565449659.0,2019-08-10 16:55:39,7.368979183577048,5733.362680466222,4313.959317004774,0.0
1157,1565627911.0,2019-08-12 18:26:31,6.46011843297034,5122.01235968493,3118.098200671376,0.0
1158,1566054092.0,2019-08-17 16:49:32,5.495629410872372,4459.651824005268,2182.727756737463,0.0
1159,1566383065.0,2019-08-21 12:03:25,18.72012115708667,6730.738105538702,6019.219725032294,0.0
1160,1566660240.0,2019-08-24 17:11:00,11.549102343731471,4878.501429864749,4046.172106966717,0.0
1161,1566830925.0,2019-08-26 16:34:45,9.99009941882387,10827.132342899897,8608.213186342127,0.0
1162,1566910650.0,2019-08-27 14:44:30,9.332646986264807,2715.8134521927004,1760.2675234455853,0.0
1163,1567894615.0,2019-09-08 00:02:55,8.847001226842082,7174.412695856697,4312.158916313168,0.0
1164,1568020973.0,2019-09-09 11:08:53,12.594484330603516,14348.825391713392,12697.46484451318,0.0
1165,1568285460.0,2019-09-12 12:42:00,8.37139633052835,9145.8835944756,7991.721060394851,0.0
1166,1568631598.0,2019-09-16 12:45:58,15.140784390659572,18247.55348464649,18483.717070858147,0.0
1167,1568891339.0,2019-09-19 12:59:59,10.093856260439717,12165.035656431,12322.478047238765,0.0
1168,1569258268.0,2019-09-23 18:50:28,15.745427311808156,24330.071312862,25539.70653675546,0.0
1169,1569432182.0,2019-09-25 19:14:02,10.495636606377872,16078.631543927317,16876.086247717718,0.0
1170,1569848640.0,2019-09-30 15:01:00,4.19980932895144,7114.30069390035,7469.676605802107,0.0
1171,1570205651.0,2019-10-04 18:11:11,4.19980932895144,7128.6746668325495,7484.768592205804,0.0
1172,1571064376.0,2019-10-14 16:23:16,12.464094800487818,8352.787170871936,3539.7330429532626,0.0
1173,1571245592.0,2019-10-16 18:53:32,6.960595350708008,5875.532975289972,3168.8270585990576,0.0
1174,1572629760.0,2019-11-01 17:47:00,28.108853853196035,13842.36976937221,5701.071722213204,0.0
1175,1572890820.0,2019-11-04 18:56:00,4.723490973449108,4825.5213675116975,2321.785098276589,0.0
1176,1573405854.0,2019-11-10 17:50:54,9.838170689893722,8426.78511081953,3543.8352331728493,0.0
1177,1573711922.0,2019-11-14 06:58:02,6.568296065757837,5511.2132089316265,2236.5950800881924,0.0
1178,1574602587.0,2019-11-24 14:23:27,8.804415061940276,3897.5973889611137,2802.98437105586,0.0
1179,1574752444.0,2019-11-26 07:59:04,4.73431375853124,6343.714463298715,2403.037329269346,0.0
1180,1575134083.0,2019-11-30 18:04:43,7.5009861860001426,3844.498089131525,2911.530842226793,0.0
1181,1575655870.0,2019-12-06 19:04:10,5.303648563328016,2365.887636499628,1933.514934403813,0.0
1182,1575995794.0,2019-12-10 17:26:34,3.8130713238369873,3242.527233856704,584.6769512439048,0.0
1183,1576409234.0,2019-12-15 12:16:14,5.824630322059196,7518.45811786155,5138.198734239026,0.0
1184,1576580305.0,2019-12-17 11:42:25,5.449346331645155,7457.170221130916,1260.6614524964543,0.0
1185,1576933369.0,2019-12-21 13:45:49,7.415281676478088,4108.299999999999,1426.3227032159516,0.0
1186,1577024258.0,2019-12-22 14:55:38,13.870747217361922,6530.901088541227,3617.955749330392,0.0
1187,1577724306.0,2019-12-30 17:39:06,4.244991532771998,3954.382700769447,2345.257511432504,0.0
1188,1577796606.0,2019-12-31 13:31:06,7.462326898243729,8699.08080124628,4440.96669347123,0.0
1189,1578147050.0,2020-01-04 15:03:50,5.696374191891066,2745.4841295785736,2341.769699374734,0.0
1190,1578383855.0,2020-01-07 08:46:35,6.15778058840292,3525.511481231186,817.9487940433783,0.0
1191,1578760826.0,2020-01-11 16:57:26,13.67294751954968,11677.249268937943,3816.3815440428,0.0
1192,1579354541.0,2020-01-18 14:06:41,8.79666388483666,5565.281536736256,1180.1570103796398,0.0
1193,1580570036.0,2020-02-01 15:52:56,6.9565754777296815,10143.391508328314,3685.14648419337,0.0
1194,1580813176.0,2020-02-04 11:24:16,10.3844989176875,18440.305645209453,11528.612393804236,0.0
1195,1581255523.0,2020-02-09 14:23:43,3.996244606721415,5675.684562858567,1684.2843092157334,0.0
1196,1581406800.0,2020-02-11 08:36:00,2.7200905495278414,1725.035438659002,898.0956141761524,0.0
1197,1581862086.0,2020-02-16 14:39:06,3.862842140355328,11950.997946884145,835.8930847834233,0.0
1198,1582031760.0,2020-02-18 14:06:00,4.7133099215155525,3642.0955121140496,1575.7898304034366,0.0
1199,1582456659.0,2020-02-23 11:53:39,3.289877567599384,7103.566167160656,1021.6748245003888,0.0
1200,1583826597.0,2020-03-10 08:29:57,1.9751715997535348,4247.818323790857,241.9828494674228,0.0
1201,1583996305.0,2020-03-12 07:37:25,12.313627952365206,8789.792647053986,4961.336378075477,0.0
1202,1584082139.0,2020-03-13 07:27:59,0.0076991776358164,3583.699518955853,1.7787184241492162,0.0
1203,1584207985.0,2020-03-14 18:25:25,7.384868892740764,5298.819227832535,1400.643532738515,0.0
1204,1584815269.0,2020-03-21 19:08:49,2.911549514338753,4339.396749984631,423.3922167609775,0.0
1205,1584903947.0,2020-03-22 19:48:47,12.383613734571895,7548.9944727628945,4945.3370778936405,0.0
1206,1585076820.0,2020-03-24 19:48:00,6.8109851840121545,6580.179896667823,1354.4802501382017,0.0
1207,1585292664.0,2020-03-27 07:55:24,0.0167435979483589,1744.903833112296,4.09558533678231,0.0
1208,1585497741.0,2020-03-29 17:51:21,9.86803489290374,7151.201924861175,6147.324701356416,0.0
1209,1586104384.0,2020-04-05 18:29:04,3.04844983166103,2806.767199444257,1691.0838675473592,0.0
1210,1586153697.0,2020-04-06 07:47:57,2.471051536203644,12235.693154710316,2129.4707176333523,0.0
1211,1586240924.0,2020-04-07 08:07:44,13.893770980825156,8760.009299626803,3909.994107795804,0.0
1212,1586604941.0,2020-04-11 13:08:41,9.642581927222883,11825.81697910051,3296.202105688539,0.0
1213,1586694877.0,2020-04-12 14:13:37,14.246584581186449,8691.816846431082,3905.769603826575,0.0
1214,1586768664.0,2020-04-13 10:37:24,9.04161045025711,12688.009040597582,3139.147080770309,0.0
1215,1587707952.0,2020-04-24 07:51:12,4.119049201506437,1239.0,636.9075674765531,0.0
1216,1587840511.0,2020-04-25 20:13:31,23.060513474725266,14207.928374927724,5822.332982705443,0.0
1217,1587921435.0,2020-04-26 19:09:15,4.922787284915234,3383.988842525551,1734.4186956243918,0.0
1218,1588267616.0,2020-04-30 19:20:56,1.6312067009544096,844.2,207.52168688678964,0.0
1219,1588514739.0,2020-05-03 15:57:39,3.442179260404047,2482.569940489464,930.2368284548425,0.0
1220,1588660077.0,2020-05-05 08:19:57,0.872390012657557,1629.0,67.80509971909561,0.0
1221,1588832257.0,2020-05-07 08:08:37,4.362152326465097,3549.134623610319,1648.4704457855642,0.0
1222,1589350329.0,2020-05-13 08:03:09,0.22993883941279,4042.224554932652,134.12483931516437,0.0
1223,1589635712.0,2020-05-16 15:18:32,0.7307518740753627,3062.1751290513494,229.9760019561529,0.0
1224,1590387728.0,2020-05-25 08:13:08,4.183426975354489,3169.617007733913,1591.8175038129943,0.0
1225,1590858651.0,2020-05-30 18:44:51,10.546674854090549,4945.593908428597,1382.629756750105,0.0
1226,1591076317.0,2020-06-02 07:34:37,0.0316981860041147,845.5,5.0400511173893205,0.0
1227,1591162994.0,2020-06-03 07:40:14,3.8355861680174463,1359.684425420386,1257.785516014993,0.0
1228,1591887282.0,2020-06-11 16:39:42,5.8563895743887455,3257.4966623745063,1231.7706768975097,0.0
1229,1592561586.0,2020-06-19 12:05:06,1.2341505723101394,1821.2530383269825,324.30275767068633,0.0
1230,1592647120.0,2020-06-20 11:48:40,4.752849438459602,3294.721436791277,1358.793048078043,0.0
1231,1592756303.0,2020-06-21 18:08:23,9.61827049845667,5556.32256672232,4910.957487780529,0.0
1232,1592891409.0,2020-06-23 07:41:09,3.070311302519899,1547.582742633851,524.3706356973671,0.0
1233,1592977306.0,2020-06-24 07:32:46,1.4867432391910391,2298.12898975192,182.27344867534185,0.0
1234,1593515203.0,2020-06-30 12:58:43,6.592502911635081,4224.731136853515,2985.338286853704,0.0
1235,1594751620.0,2020-07-14 20:19:40,7.223626373998666,5616.166949376052,1289.2929657127168,0.0
1236,1594813674.0,2020-07-15 13:38:54,0.7014021657998621,1876.0,220.3891916674428,0.0
1237,1594878008.0,2020-07-16 07:33:08,1.3549858548266618,2364.246836243546,533.8856398838765,0.0
1238,1594964326.0,2020-07-17 07:30:46,0.1989085654067621,2046.5,82.29013950031839,0.0
1239,1595062611.0,2020-07-18 10:48:51,4.669197199276134,7681.530804735506,4246.072052447924,0.0
1240,1595162393.0,2020-07-19 14:24:53,6.0109903832594895,3570.7227397758347,1794.3372037097645,0.0
1241,1595310152.0,2020-07-21 07:34:32,0.8556849248660199,1531.6,225.2925656901207,0.0
1242,1595569126.0,2020-07-24 07:30:46,0.2362010348975633,1898.5,86.15340480057449,0.0
1243,1595668320.0,2020-07-25 11:04:00,4.31034388451946,6636.772312641524,3149.9697206301785,0.0
1244,1595775223.0,2020-07-26 16:44:43,1.998158913401888,4977.164312918803,672.2220984813189,0.0
1245,1595830510.0,2020-07-27 07:56:10,0.0564836361381565,7191.599280963215,19.529335480150863,0.0
1246,1597210003.0,2020-08-12 07:23:43,0.9100885248292174,909.5,419.81102310800645,0.0
1247,1597485141.0,2020-08-15 11:45:21,3.93190155071082,2737.876576678312,1497.3647708043638,0.0
1248,1597641866.0,2020-08-17 07:21:26,0.9538997840280008,569.8,191.96263781371093,0.0
1249,1597816525.0,2020-08-19 07:51:25,2.783671773687718,1730.23423623422,860.2035258781368,0.0
1250,1597927301.0,2020-08-20 14:38:41,0.773727275616635,823.5,347.96917583799035,0.0
1251,1598858808.0,2020-08-31 09:12:48,8.014117523009812,9952.459729387832,6190.481707121704,0.0
1252,1598944025.0,2020-09-01 09:04:05,0.4055582948217267,456.4,36.83895922049288,0.0
1253,1599025024.0,2020-09-02 07:35:04,0.7223238683870059,490.43988448150094,146.94070016935814,0.0
1254,1599135791.0,2020-09-03 14:20:11,0.409281247273598,748.5,153.31805888931237,0.0
1255,1599390492.0,2020-09-06 13:05:12,2.6472947171916736,1569.776165311794,972.2958271120956,0.0
1256,1599627372.0,2020-09-09 06:40:12,4.081933608872025,7311.011470830344,2204.888807180952,0.0
1257,1600004653.0,2020-09-13 15:38:13,5.59188664873583,5125.1484354203685,4479.049560298066,0.0
1258,1600318664.0,2020-09-17 06:55:44,0.486264801318917,490.0,91.289996713402,0.0
1259,1600403915.0,2020-09-18 06:35:35,2.378139780104725,2264.447734305492,1452.8350911888651,0.0
1260,1600665392.0,2020-09-21 06:32:32,7.885570468945902,10970.452781543052,1026.7322181111483,0.0
1261,1600841241.0,2020-09-23 07:43:21,0.0418919616109266,6235.588030391728,14.29950384698522,0.0
1262,1601130752.0,2020-09-26 16:08:32,0.041171403782553,6231.149353555035,14.043508739230564,0.0
1263,1601446267.0,2020-09-30 07:27:07,9.441704772318166,12937.236399853486,1657.660727961928,0.0
1264,1602572981.0,2020-10-13 08:50:41,0.031626625381452,4950.709408103563,10.524865912259012,0.0
1265,1602740281.0,2020-10-15 07:30:01,5.244135352356459,2410.897294193253,1028.858716182295,0.0
1266,1603086630.0,2020-10-19 07:33:30,5.961250417426837,5123.271895356151,1630.8541777352712,0.0
1267,1603258715.0,2020-10-21 07:38:35,3.34452752149192e-06,612.013234774368,0.00204689510722,0.0
1268,1603443059.0,2020-10-23 10:34:59,10.748005035728932,4241.97592049284,2173.2030448972464,0.0
1269,1605099743.0,2020-11-11 13:45:23,5.976385088520557,5049.456997923279,1668.401877827598,0.0
1270,1605456504.0,2020-11-15 17:00:24,3.0439841634331977,2277.9025657142865,1022.4518514679958,0.0
1271,1606069740.0,2020-11-22 19:17:00,4.927713871632451,4897.903589285715,2813.6133614495725,0.0
1272,1606248201.0,2020-11-24 20:50:21,3.5882354701399337,7285.7122232142865,1991.789039853122,0.0
1273,1606504527.0,2020-11-27 20:04:27,9.356475469013471,3574.3096387896826,3024.952930984537,0.0
1274,1606646762.0,2020-11-29 11:35:02,8.65327060082632,5123.533046031744,4266.736950180052,0.0
1275,1606914066.0,2020-12-02 13:46:06,6.619910017166752,8265.105575396825,3096.7629054391614,0.0
1276,1607108475.0,2020-12-04 19:51:15,9.296499217937928,3084.244930555558,2546.5883340261785,0.0
1277,1607281324.0,2020-12-06 19:47:04,7.297091907853462,5940.324565634922,4043.807499535878,0.0
1278,1607454779.0,2020-12-08 19:58:59,4.66099955327512,7948.775717592592,2683.931581435468,0.0
1279,1607708612.0,2020-12-11 18:32:32,9.550057021478828,3195.95187910053,2661.488842774648,0.0
1280,1607877546.0,2020-12-13 17:18:06,10.817089956113406,9253.231359920635,5051.845275310202,0.0
1281,1608131784.0,2020-12-16 16:06:24,6.027873940641328,4294.530084567901,3121.8039687421447,0.0
1282,1608663699.0,2020-12-22 19:49:39,6.08660559778961,5208.799785300927,2761.8196297340387,0.0
1283,1608816759.0,2020-12-24 14:29:39,2.0922535181445343,790.0,465.526194666195,0.0
1284,1609097576.0,2020-12-27 20:26:56,7.3435364351252606,3989.9879174382713,4185.803092488246,0.0
1285,1609355204.0,2020-12-30 20:04:44,3.10663005553468,1211.705745370371,1254.7738290106008,0.0
1286,1609873280.0,2021-01-05 19:53:20,2.479419294638914,3300.378993055556,1442.832925046132,0.0
1287,1610279145.0,2021-01-10 12:32:45,5.649922986957571,4753.457136750585,2409.2971302208025,0.0
1288,1610473905.0,2021-01-12 18:45:45,3.7444531454888073,2963.72177769175,2111.442297364011,0.0
1289,1611082204.0,2021-01-19 19:42:04,4.369820486430254,3013.509121392024,1223.7939466910548,0.0
1290,1611690088.0,2021-01-26 20:34:28,2.5863159000049976,1830.0,557.1430001001889,0.0
1291,1612719660.0,2021-02-07 18:31:00,9.052780347017494,3833.021949500428,3287.2089945505672,0.0
1292,1612805940.0,2021-02-08 18:33:00,4.710787648186236,1889.94017997246,1383.3485871503167,0.0
1293,1612985335.0,2021-02-10 20:15:55,13.433804718083191,3615.000317470565,3605.101842211172,0.0
1294,1613409720.0,2021-02-15 18:19:00,0.261928926858303,1550.0,92.40075396973128,0.0
1295,1613587355.0,2021-02-17 19:38:35,4.0518860792631575,1794.732998408732,1335.944539988987,0.0
1296,1614028881.0,2021-02-22 21:58:21,4.199811806140638,4318.102405050035,241.5383324894585,0.0
1297,1614110498.0,2021-02-23 20:43:38,14.598062224439174,7482.643036682594,5612.928691314463,0.0
1298,1614279213.0,2021-02-25 19:33:33,0.7288704222392794,4298.688723564871,133.9594458171686,0.0
1299,1614366028.0,2021-02-26 19:41:28,15.94494212026094,7492.300035132936,6039.992441496739,0.0
1300,1614696247.0,2021-03-02 15:36:07,2.036285147424989,4546.649809450087,1564.6217312195486,0.0
1301,1614798642.0,2021-03-03 19:57:42,0.8733222495144841,3186.74136975897,280.68126248497424,0.0
1302,1614882360.0,2021-03-04 19:18:00,5.753211198273389,5598.542516712079,3875.763491147875,0.0
1303,1614979920.0,2021-03-05 22:24:00,1.0004115039940276,1667.5,378.7622575858528,0.0
1304,1616092633.0,2021-03-18 19:20:13,2.517350049197121,5264.250178094115,1201.2641477486525,0.0
1305,1616341544.0,2021-03-21 16:24:44,13.941045991202136,8769.463170492045,7021.39642253489,0.0
1306,1617127344.0,2021-03-30 19:54:24,6.156326157840412,5680.102709727311,4192.899640199122,0.0
1307,1617708117.0,2021-04-06 13:09:57,5.033525749609654,4572.732004283456,2513.341137608012,0.0
1308,1617794192.0,2021-04-07 12:59:32,5.994408912520846,3518.9591202582733,310.2570198857182,0.0
1309,1619109510.0,2021-04-22 18:30:30,3.205511366237094,3178.0790579328727,1729.535638052965,0.0
1310,1619763491.0,2021-04-30 08:15:11,2.998569655941736,2186.462787708333,1691.4118651146673,0.0
1311,1620193992.0,2021-05-05 07:45:12,2.627810108298403,3404.4479999999994,1315.6768754139414,0.0
1312,1621877442.84455,2021-05-24 19:28:03,3.179037323847296,1709.4299999999998,1431.7603115174393,0.0
1313,1622061923.36133,2021-05-26 22:16:23,2.208281352711558,1114.4,379.94070515168494,0.0
1314,1622097522.69229,2021-05-27 08:27:30,2.8329955388040187,934.98,243.34841336070824,0.0
1315,1622573298.376491,2021-06-01 20:41:34,5.24918175590766,1087.6,1141.833338429392,0.0
1316,1623185610.136717,2021-06-08 22:53:30.136717,1.4525738912103334,5468.25,788.9990437572753,
1317,1623357176.698941,2021-06-10 22:32:56.698941,3.803260746303546,3496.144,1530.1222361252394,
1318,1623624581.323991,2021-06-14 00:49:41.323991,6.010685393816451,7649.2750000000015,4682.5285996730045,
1319,1623855633.473103,2021-06-16 17:00:33.473103,1.04985984173296,866.19,909.3780963106726,
1319,1623855702.497566,2021-06-16 17:01:42.497566,2.099859210296521,1241.19,1303.1278595220078,
1319,1624038166.116475,2021-06-18 19:42:46.116475,7.023108933214325,10568.025,4388.967111308909,
1320,1624306256.833978,2021-06-21 22:10:56.833978,6.158948331811735,5911.679999999999,2748.6183281835315,
1321,1624733203.834277,2021-06-26 20:46:43.834277,5.509615759773535,4436.075,856.0574450758495,
1322,1624787020.235342,2021-06-27 11:43:40.235342,0.0,0.0,0.0,
1322,1624787042.179699,2021-06-27 11:44:02.179699,3.933926658629828,3814.525000000001,3839.8721322981737,
1324,1625153875.39633,2021-07-01 17:37:55.396330,0.1227274999280755,7215.999999999997,41.36948891303347,
1324,1625595340.451832,2021-07-06 20:15:40.451832,0.0,0.0,0.0,
1324,1625595383.735135,2021-07-06 20:16:23.735135,6.736965785654231,4430.76,2787.443605291115,
1325,1625683317.349498,2021-07-07 20:41:57.349498,0.0,0.0,0.0,
1325,1625683338.645377,2021-07-07 20:42:18.645377,0.1629562642200361,1762.5,31.323578878194542,
1326,1625920631.029804,2021-07-10 14:37:11.029804,3.444286429892274,6087.2,3684.1037190149145,
1327,1626374583.331398,2021-07-15 20:43:03.331398,10.499642455647836,2705.0,787.4758671186646,
1328,1626616094.722329,2021-07-18 15:48:14.722329,7.222154236182439,5136.950000000001,4753.041999585353,
1329,1626806680.70109,2021-07-20 20:44:40.701090,0.5439819402233784,693.0,100.9906975111286,
1330,1626895056.593561,2021-07-21 21:17:36.593561,4.28977297432668,3298.4999999999995,453.0133772425975,
1331,1627413956.108121,2021-07-27 21:25:56.108121,0.0,0.0,0.0,
1331,1627753573.99216,2021-07-31 19:46:13.992160,0.0,0.0,0.0,
1331,1627820823.397126,2021-08-01 14:27:03.397126,0.0,0.0,0.0,
1331,1627842143.594223,2021-08-01 20:22:23.594223,7.766999670714474,5940.252,2995.7235565815367,
1332,1628019204.002272,2021-08-03 21:33:24.002272,3.950228098367504,4347.200000000001,4413.23439365066,
1333,1628324946.017309,2021-08-07 10:29:06.017309,0.4916652996947895,1715.0,84.32059889765638,
1334,1628543498.64299,2021-08-10 00:11:38.642990,4.033125852530734,4548.85,2182.922967815304,
1335,1629043292.650123,2021-08-15 19:01:32.650123,15.60644508676394,7168.55,5489.56175989499,
1336,1629826092.335547,2021-08-24 19:28:12.335547,2.265463740565523,3224.9999999999995,86.74060327422072,
1337,1630001082.314272,2021-08-26 20:04:42.314272,4.800029149065467,3601.0,2977.5143672033614,
1338,1630169687.209518,2021-08-28 18:54:47.209518,3.0090657908493785,1611.6799999999998,338.73803600848305,
1339,1630347234.279217,2021-08-30 20:13:54.279217,0.0025744297017671,390.6,1.0055722415102446,
1340,1630347517.255127,2021-08-30 20:18:37.255127,6.675815329106657,2740.68,1122.2774632648657,
1341,1630523324.512569,2021-09-01 21:08:44.512569,0.2458326498473947,857.5,42.16029944882819,
1342,1630605946.602554,2021-09-02 20:05:46.602554,10.602913925935066,4000.85,3514.7185083875424,
1343,1630950021.293577,2021-09-06 19:40:21.293577,3.0990464697509665,3728.66,666.1219116022688,
1344,1631125056.985515,2021-09-08 20:17:36.985515,0.2996028776664255,4450.8,85.18960528661367,
1345,1631223073.374528,2021-09-09 23:31:13.374528,1.2475496124817578,5964.0,5291.950302365695,
1346,1631363042.980049,2021-09-11 14:24:02.980049,4.200044218303361,8712.8,1689.2350663070945,
1347,1631567847.395007,2021-09-13 23:17:27.395007,3.1108917133585927,7564.8,7372.515754493886,
1348,1631647025.399107,2021-09-14 21:17:05.399107,6.303481319210032,2748.9,1572.7329522749053,
1349,1631734704.422524,2021-09-15 21:38:24.422524,1.0514478095395954,2823.2,379.4354720888521,
1350,1632247845.166533,2021-09-21 20:10:45.166533,6.279970320240806,7163.199999999999,2205.538813658158,
1351,1632336923.074809,2021-09-22 20:55:23.074809,12.578765855755943,3937.2,4130.015135596621,
1352,1632423815.846901,2021-09-23 21:03:35.846901,10.010734208699605,9529.3,2561.002703221592,
1353,1632649883.971267,2021-09-26 11:51:23.971267,4.821533507631598,3170.5999999999995,1848.2502990519647,
1354,1633028154.800238,2021-09-30 20:55:54.800238,2.040891124597457,1007.3,592.45977963941,
1355,1635706037.392363,2021-10-31 19:47:17.392363,1.0492453904741763,6671.2,370.8605272224501,
1356,1637051482.944082,2021-11-16 09:31:22.944082,3.7113147552343264,3333.75,1902.194055392984,
1357,1638448689.136027,2021-12-02 13:38:09.136027,1.7256686616986323,701.3999999999999,212.8585471418253,
1358,1638640320.098047,2021-12-04 18:52:00.098047,2.648523372484272,2301.0,1608.8295660096192,
1359,1639161337.803631,2021-12-10 19:35:37.803631,2.095693479355432,1971.096,466.2331884478449,
1360,1639495932.120962,2021-12-14 16:32:12.120962,4.201600217673531,7078.74,7073.625131180048,
1361,1640105892.423656,2021-12-21 17:58:12.423656,1.3583195985930423,5614.000000000002,958.4348826929736,
1362,1641755112.338571,2022-01-09 20:05:12.338571,3.2045822355826924e-05,2744.0,0.0496549228174966,
1363,1642440484.125993,2022-01-17 18:28:04.125993,1.0499999997664864,1672.0,1755.5999996095652,
1364,1642440595.367896,2022-01-17 18:29:55.367896,0.0,0.0,0.0,
1364,1642699583.016684,2022-01-20 18:26:23.016684,1.0499523322378626,1672.0,1755.5202995017062,
1365,1643323553.39086,2022-01-27 23:45:53.390860,1.0499523322378626,1672.0,1755.5202995017062,
1366,1644064898.895783,2022-02-05 13:41:38.895783,4.059939744378182,1554.0,1558.7959943262608,
1367,1644346634.878976,2022-02-08 19:57:14.878976,3.149856996713588,252.0,264.5879877239413,
1368,1645992310.715653,2022-02-27 21:05:10.715653,0.2766595105450525,1715.0,188.1962098700808,
1369,1646494146.380873,2022-03-05 16:29:06.380873,2.794206882197383,2364.25,1436.5942077436382,
1370,1647185227.686017,2022-03-13 16:27:07.686017,4.072469202100721,2268.0,2315.413878748743,
1371,1647885608.627263,2022-03-21 19:00:08.627263,0.0133340629895164,1514.1,2.4081723662323764,
1372,1647971050.84058,2022-03-22 18:44:10.840580,3.149436149201642,445.9,468.13043973588367,
1373,1648980720.258031,2022-04-03 12:12:00.258031,1.9429171396899407,2171.0,1243.8867410710277,
1374,1649225369.01043,2022-04-06 08:09:29.010430,0.9290220305782692,1338.25,477.5623875507313,
1375,1649397872.135987,2022-04-08 08:04:32.135987,1.2472246595077945,1518.5,231.4921288489104,
1376,1649518562.577249,2022-04-09 17:36:02.577249,1.8549797898434848,1337.0500000000002,1245.7800321685486,
1377,1649655614.059116,2022-04-11 07:40:14.059116,6.404458236836359,6460.15,5743.802619209905,
1378,1649745535.274631,2022-04-12 08:38:55.274631,0.0594943279752392,1301.0,20.50573309782372,
1379,1649829996.629425,2022-04-13 08:06:36.629425,0.0047939463308875,3080.0,14.765354699133516,
1380,1650038486.521121,2022-04-15 18:01:26.521121,0.2944182136278469,583.0999999999999,63.944165180233526,
1381,1650231386.511917,2022-04-17 23:36:26.511917,0.002638270801574524,539.0,1.4220279620486684,
